date,T_AMB,P_AMB,CMP_SPEED,CDP,GGDP,HPT_IT,CDT,LPT_IT,EXH_T,RH,WAR,POWER
2021-01-01,16.798457969792832,1.012742499186681,9729.368116900678,10.62975397885122,3.2810300190019124,1053.0828271285202,359.1781705354627,710.7031145628506,456.7121869647911,48.55354728911912,5.682004403707085e-05,15239.011651990251
2021-01-02,20.22222326953133,1.0126041773563872,9770.57700580424,10.54576760377048,3.2677837220015324,1070.6538092025376,366.0952110976796,724.7808213743891,467.9310557425367,39.68871154765765,5.710706695991624e-05,15215.557278360146
2021-01-03,28.26276962760994,1.0126658046280492,9770.747381387166,10.173483691315765,3.209698068302874,1114.4742951830958,380.8853136984214,761.8517511122842,498.8382811910751,24.543061347410102,5.721275202039146e-05,14901.231907401068
2021-01-04,32.85806820038063,1.0129504184172198,9865.242283183396,10.147971140580042,3.206144691722381,1135.9805336547436,390.56203819077433,778.2765636643499,511.37490902053656,18.180581465055607,5.581490468819431e-05,14980.887265104791
2021-01-05,29.27521213937162,1.0128878696126895,9776.84620945726,10.129882530553964,3.203161979805496,1119.876303647129,382.6538646102701,766.4976511762303,502.7638781577219,22.84899480899583,5.679324176795039e-05,14877.508625913884
2021-01-06,21.233688465456225,1.0131536017044838,9783.89435112735,10.49907230824422,3.261398606411244,1074.2526155303217,367.42678400484846,728.0595199909291,470.81698268550167,37.03204629105025,5.659012368838136e-05,15193.546614839826
2021-01-07,16.84866083812459,1.0132972673703424,9648.295756806743,10.437114440891362,3.25204232447966,1055.1504605502312,357.4616771600668,714.5374442282891,461.26753043945865,48.14251315585188,5.6510850632197634e-05,14997.65609368222
2021-01-08,20.202080520366867,1.0128876210780933,9691.451453730266,10.360368541523451,3.2394103762780118,1072.387778025925,364.2813469876178,728.3085115586741,472.21727506266046,39.300060158250496,5.643971462459713e-05,14980.126315242189
2021-01-09,28.22538917800794,1.0122267099447868,9658.802999601829,9.937268547950078,3.171447310917537,1119.1101800208194,378.8643004500912,768.4712687487362,506.1437540787095,24.45271675954352,5.681237570849295e-05,14588.437755381929
2021-01-10,32.69842053323068,1.0126690962503124,9453.416673933529,9.37930557766376,3.081688520768926,1154.1391337377663,384.32383134542937,802.5137229255678,537.5213804264916,18.600514871564343,5.6594553687756215e-05,13902.672861888605
2021-01-11,29.16885882208312,1.0127435834430296,9408.430333113938,9.436294669789827,3.091301729537124,1137.0566693157173,377.355213810315,788.8703143274852,526.6548443572605,22.96421229156354,5.658652739617973e-05,13916.79416013737
2021-01-12,21.294369313319617,1.0129751006202856,9482.854010172974,9.904354653465814,3.1673445591075,1089.914260579771,363.9807687689063,747.2278611241844,490.699575637341,36.53857623988308,5.611855458265237e-05,14406.029945434091
2021-01-13,16.809893998063114,1.0130331506769128,9482.108174870258,10.102074446883288,3.198934501920337,1065.9390595975058,355.8184100916322,726.9305435039365,473.7490776784402,48.11562109361032,5.633300557480323e-05,14581.365291718284
2021-01-14,20.212596170806243,1.012972718992062,9545.031960861588,10.070956050479548,3.1939625907727787,1083.087842574403,363.1458625908278,740.1545761543817,483.9351045483119,39.483757167771664,5.673865321769599e-05,14627.518449690104
2021-01-15,28.272801965352013,1.0130752992931258,9647.861937115937,9.911174966149614,3.1686338909227048,1124.3745195547883,379.46887865467096,773.1784428654693,510.2399989972221,24.17600530216727,5.654442065863023e-05,14603.59127697348
2021-01-16,32.70287508283443,1.0132296548550894,9910.259818592906,10.210996869079528,3.2165259131486192,1137.962549902163,391.17860912383634,779.4868158611611,512.0776340226618,18.466895008438616,5.614357548592893e-05,15136.025394470516
2021-01-17,29.18177116907368,1.01326553063148,9895.332600781729,10.340267560935052,3.2368536571774755,1119.1293912209223,384.4480156191987,763.8631467707975,499.2507037763109,22.792320495062054,5.625727921505912e-05,15231.075326509535
2021-01-18,21.337156525848886,1.0127618550389934,9847.086472288802,10.600516220291196,3.2765054439225487,1078.379814683885,369.2216877547862,730.4952834549475,472.1577633529489,36.48803381194107,5.612426960414262e-05,15401.57391840368
2021-01-19,16.665710517620948,1.0132321475316866,8231.143829745733,9.244282605833057,2.9369222831473665,1050.8018711386608,303.3792261884,706.745652333726,452.1011098827244,48.38728600737823,5.613112695608753e-05,15673.604045203463
2021-01-20,20.14280561896349,1.0125389801041802,0.0,1.0125389801041802,1.0125389801041802,,20.14280561896349,,,39.29535941890197,5.620993465486404e-05,
2021-01-21,28.15573471476142,1.0127943039039873,0.0,1.0127943039039873,1.0127943039039873,,28.15573471476142,,,24.49746985198091,5.676038188355204e-05,
2021-01-22,32.74125356331203,1.0133528609831963,0.0,1.0133528609831963,1.0133528609831963,,32.74125356331203,,,18.123614978390385,5.526438905749808e-05,
2021-01-23,29.32910106240418,1.0125175380997102,0.0,1.0125175380997102,1.0125175380997102,,29.32910106240418,,,22.438967120414244,5.582177543919187e-05,
2021-01-24,21.305013740606277,1.0126628879078072,0.0,1.0126628879078072,1.0126628879078072,,21.305013740606277,,,36.38111734333486,5.582001047456723e-05,
2021-01-25,16.785263546265238,1.0127118645777011,1666.6666666666667,2.695962906759826,1.402975716152622,1046.781139417456,74.39121015339404,701.1454597746831,446.0175749075584,47.73370110004817,5.581338421387224e-05,15979.689418961483
2021-01-26,20.2047376213752,1.0125871147736774,9993.110859054328,10.937146726704444,3.327849606865916,1065.7523912016109,368.86469192893287,717.0924368940535,459.2269853934974,38.93651701156444,5.587331469422693e-05,15837.399516755446
2021-01-27,28.190315618902176,1.013104991593446,9967.508344407774,10.51405219447472,3.2636745633853352,1110.9826282719175,383.5141378734664,755.6588060173532,491.5521710146497,24.3109617382804,5.6481753303912e-05,15461.193937793569
2021-01-28,32.722766803891865,1.0131470564862903,9959.788031334345,10.288747162131587,3.228605156271984,1136.6359528012329,391.7526844769728,777.6060351281521,510.0107807707266,18.10804896358917,5.514286300878221e-05,15265.043695173574
2021-01-29,29.20383358188064,1.0126964185479792,9901.083189493982,10.321922682008896,3.2330870438511368,1119.377088072641,384.2948672077616,764.2860544467604,499.7429266237648,22.685636875439457,5.596109708075909e-05,15230.764267515711
2021-01-30,21.260270672872466,1.0128351363631938,9917.297183516066,10.716767706685056,3.294543824860273,1074.7212499103168,369.5844354292476,726.3970851539416,468.0899945031925,36.08685564616464,5.5160684355154496e-05,15583.612581258656
2021-01-31,16.81605096872799,1.01292543971289,9966.334112583208,11.027225485643129,3.342082236665457,1048.981328597812,361.8470954216237,703.9502841449166,448.9615130389132,47.45603785209855,5.559806901687636e-05,15900.975516837834
2021-02-01,20.153085389584167,1.012858606086236,9970.002279864671,10.866381245938513,3.317495421382993,1067.6068315721775,368.21953010587794,719.5403868558841,461.8349227109428,38.87083140646941,5.574609217914157e-05,15778.061613487704
2021-02-02,28.109523278806336,1.0125338577630936,9983.001797031286,10.50649664810307,3.2615744990573123,1111.6449887277972,383.2706932388012,756.4838187678023,492.41294871426,24.31631387264927,5.635655482785931e-05,15495.754096273138
2021-02-03,32.70605815097628,1.0127794095928553,9973.84730911193,10.285453092647383,3.227513117976368,1138.9302994882628,392.0127702070618,779.6235874321773,511.74348135451766,18.06495626553959,5.497909177271672e-05,15311.569626797664
2021-02-04,29.346817992157145,1.013045563623397,9894.409155763413,10.286124677036373,3.228043871931398,1124.8033681478369,384.88770670111785,769.2624794388761,504.1463555018468,22.41355701132869,5.585116914749279e-05,15240.429403960472
2021-02-05,21.24513446113688,1.012692990966951,9808.56887759169,10.47922530424354,3.2576266088883856,1083.7544112235191,368.5408406124759,736.4587050721801,478.0527555151828,36.14808807973903,5.527903681465024e-05,15315.820539256352
2021-02-06,16.809367080935193,1.013083976803665,9735.588919589309,10.541063691294529,3.2678663063682247,1062.6285130773597,359.31622809478745,720.1216520635077,465.4370866401907,47.325723059227165,5.542095306441272e-05,15300.451191251834
2021-02-07,20.193423911526004,1.0133244128693848,9820.397115272008,10.54719990484679,3.269199183405428,1078.5082952351236,366.7318365987496,731.9698825478998,474.2773989725412,38.9159784578285,5.588058835276918e-05,15403.272088068994
2021-02-08,28.10975872494537,1.0130246043604327,9974.019069581203,10.47177339574718,3.257002361888538,1117.4471126733204,383.64981501801344,761.9070563802524,497.26996616396383,23.819994895018,5.523274792770943e-05,15513.735411545267
2021-02-09,32.797129323784766,1.013019785028652,9837.432463188396,10.01391891932448,3.184965331090101,1150.8631910269348,390.9090613940261,792.7512589566932,524.699001651143,17.990371857726316,5.4979195631688695e-05,14983.991936686867
2021-02-10,29.212280418262814,1.0129693196043557,8679.194958958542,9.145036725144031,2.953744437819498,1129.0453082460438,341.0142209292593,772.7002333763332,506.9177980591616,22.588207001785964,5.5828317934070816e-05,15328.62210097401
2021-02-11,21.204500556758823,1.0128632937499762,9979.015973192136,10.801441977499756,3.307586768364672,1080.0268210786369,370.9155157443615,730.3158058910344,470.9840760675622,36.36864141674676,5.558069428279574e-05,15806.82654932203
2021-02-12,16.749609424207613,1.0126907621919947,9946.03543435006,10.945092224359916,3.329240176347048,1056.418472000223,361.8898280574792,711.2782533669512,455.7329287331832,47.15340875676623,5.502153271117824e-05,15885.980495835212
2021-02-13,20.1280222567939,1.013033100892449,9929.470128799485,10.75084304040722,3.30011504462149,1075.619179260426,367.9506070657407,727.7965944514787,469.671885671089,38.67681146500821,5.51697126778294e-05,15705.763816142537
2021-02-14,28.154199725393813,1.0134240177722127,9884.777674280518,10.294130554856418,3.229848241618257,1122.2954780086602,382.2825061469066,768.1671715871477,503.9094754684969,23.68356780725613,5.486922753772101e-05,15273.228178668409
2021-02-15,32.69481161118692,1.0131863391298164,9766.0345886893,9.874321474090488,3.162948607021518,1153.0674895944346,389.1060553545123,796.656245851109,529.3134583731556,18.70927713687337,5.688693169870126e-05,14781.724213760395
2021-02-16,29.177585855809017,1.0130827177144504,9614.965827582337,9.744266468334084,3.141896687241214,1140.0529842828678,380.4751195194231,788.7554506192536,524.7855048067612,22.639359788910195,5.574978530212924e-05,14508.68991020891
2021-02-17,21.23091013208708,1.0128643874963394,9481.58175590333,9.8328728560384,3.155812804313366,1100.968126217875,363.9863445553145,758.212691794647,500.9540504297928,35.71774749104646,5.4531097121368216e-05,14446.4792897095
2021-02-18,16.637725483476526,1.0126762341239437,9423.735954202622,9.925257689563567,3.170301818805344,1078.036431762623,354.8146024791236,739.8595547669761,486.32327867428575,47.507349455666365,5.503901228500256e-05,14466.913767592989
2021-02-19,20.17405312220501,1.012761166067126,9371.16742874003,9.67644754672621,3.130440698966236,1101.0504163226535,360.7863520936071,760.4381173512514,504.2520291812921,38.50124488148396,5.522874728651784e-05,14201.9159483102
2021-02-20,28.05582757782047,1.0126484454078752,9393.73116992877,9.39000090289321,3.0835878494821034,1145.7346200434667,375.8098404515286,797.9806071697586,535.4588376005414,23.673274139854215,5.454222659549826e-05,13981.568724160468
2021-02-21,32.80173892227929,1.0129728802597342,9439.173202077063,9.280788397514232,3.066117986309185,1170.0357785944009,384.879871186112,817.957646330568,551.7726868858749,17.73436631435949,5.423507188543166e-05,13926.291913878818
2021-02-22,29.22051488345297,1.0128206393547003,9460.68916205489,9.45729546354424,3.0948905378170424,1148.8637368369066,378.5749077292752,799.5093439910846,535.9838960782207,22.847979872672767,5.651822861828603e-05,14107.294746810505
2021-02-23,21.129562031919445,1.0128567579450387,9422.065777239148,9.721019287917413,3.1377942132376866,1104.945613580587,363.1618768103781,762.9132988021283,505.7718635501497,35.61118239126464,5.403415498757015e-05,14303.269204962491
2021-02-24,16.694472482963278,1.0130498044007767,9331.0205653519,9.73871374941766,3.140981292897917,1083.6811797042612,353.6092355921176,746.766416595107,493.5111508000151,47.033263444654814,5.467559355002759e-05,14224.474324333196
2021-02-25,20.18700318409501,1.0127850998943633,9324.08424862876,9.574666352341502,3.113977402644117,1103.8424647096278,359.8956617847967,764.1338061089259,508.2335942768788,37.90474883013323,5.443477617949167e-05,14071.404951289309
2021-02-26,28.10870644654422,1.0127519526434137,9315.919124733722,9.238366603875487,3.058604641659653,1150.5211096291914,374.47425768790254,804.155558387833,542.0633640951141,23.533626098443705,5.438652992990496e-05,13773.067476054845
2021-02-27,32.73813768735777,1.0128782989169476,9161.346610848335,8.792596072538107,2.984247836330516,1184.1085889786625,380.51570295493065,836.3310237110896,571.5517908529811,17.490373172091875,5.333588547750369e-05,13209.442224469132
2021-02-28,29.243971670807245,1.0128340504676887,9080.924013361906,8.780336831439108,2.982095632347473,1166.8300066303575,372.7387059347415,823.3352723664233,561.7789695484558,22.42739886286614,5.548830607640638e-05,13111.786751299507
2021-03-01,21.154214370706946,1.0131120835881675,9015.204787034852,8.9715320129874,3.014755796103902,1122.6679936691482,356.88585470298494,786.9363533368705,531.9594227422742,35.87526594840248,5.464724824470992e-05,13217.603838497856
2021-03-02,16.703207065966275,1.0126816628165054,9035.377066650748,9.177321498685258,3.048423769098172,1095.677083691616,348.9357964550054,763.4444943025768,511.8534121557341,46.89317638299669,5.4560831451633874e-05,13416.999876214051
2021-03-03,20.212490944631853,1.0127861282754644,8982.60789377941,8.945273175341338,3.00945035108434,1118.8507689148903,354.51451051721784,784.5487493423047,530.548394651605,38.08462224981792,5.47462990752958e-05,13159.830027356198
2021-03-04,28.067156209593215,1.0129024457417286,8687.574646077856,8.148006303113695,2.8727518943591064,1178.7948873247808,364.057254735048,842.8047887993262,584.5678129336324,23.53894432845093,5.4490781095126345e-05,12139.599549538309
2021-03-05,32.649439860557,1.01291328230719,8717.391418643043,8.03976410526558,2.853683094270919,1203.1593359916203,372.47746186599466,863.3313139861831,601.7279762888353,18.271393250173134,5.542756165096676e-05,12060.035922565245
2021-03-06,29.1652912847308,1.0128135225705128,8721.476906967955,8.16076823448374,2.874839496281671,1182.4389022058213,366.2341497984253,845.3700436921267,586.35981483103,22.296028034852288,5.491673413484259e-05,12177.862091344983
2021-03-07,21.216227200848905,1.0135210038011355,8685.88552965599,8.380448131914159,2.914382802916054,1137.586530275909,351.386994891651,807.415762585107,554.5194218505799,35.75135536523597,5.461294195037507e-05,12352.043145555172
2021-03-08,16.579179177356117,1.0131002527394768,8691.429283852589,8.556825449444622,2.9442913103520283,1110.716462576399,343.20078557798814,784.0948561757668,534.5632357476219,47.27202777729573,5.45212754266893e-05,12518.991413131116
2021-03-09,20.1917320831944,1.013158728704847,8617.713069631518,8.301680322924744,2.900112920958797,1136.1396754845102,348.71471126028564,807.6166963074193,555.6781792242315,37.730307304741366,5.411231461096064e-05,12217.192540264225
2021-03-10,28.102109729778377,1.0132666184698953,8599.57625264038,7.997215483975804,2.846605651320768,1184.2863348333233,362.5049068441106,849.8835377189909,592.2090774382967,23.45730477979013,5.4140682117620193e-05,11918.6475210401
2021-03-11,32.78151417984865,1.0126122761631349,8657.603159114362,7.928882599932797,2.8335156762989238,1208.175916553882,371.5716953244843,869.3857354092462,608.0798675742282,17.707126429902893,5.4115502403540726e-05,11902.349663477396
2021-03-12,29.14111214052211,1.0129053311727712,8662.176153522838,8.060687693009319,2.8572769044537734,1186.3629225952825,365.2216007940352,850.2824339417693,591.5951987468744,22.08156479886067,5.441943511210808e-05,12033.282303550775
2021-03-13,21.187284987282037,1.012867342051407,8775.321470208322,8.527146319280897,2.93866475802453,1134.3426101878774,352.7909736952078,802.7389214799517,549.2673727826145,35.55969270759479,5.424596223652429e-05,12580.595384492752
2021-03-14,16.615136083679538,1.0131746292069026,8908.335023905734,8.932918596381468,3.0084190804540474,1101.982477425763,346.7249441959189,771.8726693135237,521.0080604070164,46.963907888091576,5.431027526753903e-05,13090.392551009374
2021-03-15,20.04700618833305,1.0129832034254649,9008.73497632436,8.976682871538165,3.015486272015276,1117.4818994047694,354.5336620911567,782.9952435019455,528.9625657697112,38.37664116352696,5.467081209572409e-05,13233.18546443668
2021-03-16,28.165228256883896,1.0130492138681289,9171.703821085512,8.947264444791212,3.010627496457466,1156.035723674501,371.5158860656674,812.6850658657172,551.8225135866522,23.493473860711237,5.447493140903027e-05,13368.254507633756
2021-03-17,32.68140474341478,1.01282747010939,9169.68651789984,8.769006543199827,2.9800904606767222,1181.874232212374,379.5426882566971,835.0129486990918,570.8426052529513,18.04010471938351,5.4833452271742005e-05,13202.233288465184
2021-03-18,29.20722929961156,1.0130521883287196,9010.167236384968,8.62270536450832,2.9555142832516554,1169.9332677895245,370.9127436853141,828.2277534038216,567.4352363249648,21.88584236302029,5.423170171779714e-05,12916.63653132919
2021-03-19,21.155066830656,1.0123653388637257,8938.58902314385,8.789052758033895,2.9828406705894506,1126.9067143801765,355.2044667557236,792.8573144551086,538.513250472761,35.43513301714723,5.386914883111044e-05,12996.21761983286
2021-03-20,16.689802117965648,1.012883136351919,8997.416179581202,9.064866930558065,3.03011427170969,1098.8861776329356,347.96713205032296,767.6088477005782,516.3185460969045,46.31029619560767,5.382441697301182e-05,13313.593138842743
2021-03-21,20.115511200162672,1.0131088549031924,9278.492577025589,9.431474115135542,3.0909995777496344,1106.2952839506238,358.16202452185325,768.2487706289334,513.047987672063,37.67143960429629,5.386843572028686e-05,13933.68621759004
2021-03-22,28.080880042214677,1.0126252823061874,9457.34892653385,9.426846700350213,3.0896158848714688,1144.3437336430625,375.43363892703616,796.9909747582407,534.7567227243457,23.398871864807784,5.403634045909069e-05,14115.329335088742
2021-03-23,32.78151933164168,1.0127102658876284,9575.573247269956,9.446120216324912,3.092913954690026,1166.1970288512905,385.78881187392767,813.1897363090043,546.7596405396264,17.739350651614753,5.421501245841205e-05,14260.616263242397
2021-03-24,29.17514974967221,1.0129130876292067,9582.323452161882,9.611132468701465,3.1199680606216584,1145.1393274639504,379.2181792393749,795.0962979742471,531.4513601961606,21.891442499328647,5.404387220815926e-05,14411.450735239676
2021-03-25,21.14533244718096,1.013087830296666,9638.107482411013,10.058617268016574,3.192192267067501,1096.695214045616,365.0695444974217,752.7710019953753,495.1959369969695,35.60588746594241,5.416095731754507e-05,14858.528873774883
2021-03-26,16.58750198317819,1.012689609102982,9556.634846502822,10.106912661226144,3.1992185047542434,1073.697099063858,355.457962068394,734.8266389786423,481.2176564069087,46.52332097250172,5.371997167188706e-05,14803.344364176097
2021-03-27,20.112750101357616,1.0127728619724077,9422.719691264874,9.69788342607277,3.1339198209068364,1100.033093970748,360.3314300638476,759.8144140082583,503.8894493445928,37.42190211221415,5.345282540905553e-05,14317.682781246862
2021-03-28,28.12924141802429,1.012991735280225,9508.550172162764,9.516459007631502,3.104838054221718,1141.9743749081897,376.2247048768999,793.8789114493142,531.4091330461938,23.003089510240343,5.327385930018873e-05,14251.81826276278
2021-03-29,32.64719292077039,1.0129549110086298,9546.00471064261,9.401357625210505,3.085956663747968,1167.0562786932396,385.2030468158154,814.5004247981948,548.2487342791351,17.659153969455925,5.358481157065954e-05,14194.372532516732
2021-03-30,29.19374028376493,1.0132380455926115,9472.837606759527,9.411899004574272,3.088113484835526,1151.624009370869,378.04252128217786,802.7752283724562,539.3405900949268,21.59329023819407,5.330323614790616e-05,14139.17520402014
2021-03-31,21.12484425728357,1.0131440926530726,9445.367949176569,9.696250459759645,3.134184534618886,1106.5615800053977,362.8014909002552,764.8849333624258,507.8251941394748,35.26856258961021,5.353233942077452e-05,14360.443817941588
2021-04-01,16.595009401585155,1.0128070446855697,9581.688800176214,10.146630832408356,3.2056530390729936,1074.7870930627012,356.2502175819864,735.1318848822997,481.06525851593,46.70608612875986,5.3952400757869694e-05,14893.708644719076
2021-04-02,20.149925840035426,1.012778208889212,9591.264714960367,10.00145950959263,3.1826048836056806,1093.7269256507277,362.7968903167802,751.0799611739831,494.3286413298981,37.64851719182999,5.392487385361217e-05,14774.02062671636
2021-04-03,28.168779991450997,1.0126021034337926,9672.20909869628,9.80143379205266,3.1502599967614557,1135.567951681972,378.6335573932006,785.1031742802226,521.8321104681639,23.095468722332654,5.3645896985980445e-05,14683.594677648623
2021-04-04,32.69323429230732,1.0129635856033474,9548.934911691957,9.398004644247804,3.0854021133408502,1166.9882512782567,385.2969063573257,814.3845792132382,548.1131320349533,17.525864464396555,5.3310994938018464e-05,14199.183166073388
2021-04-05,29.18409608897223,1.0131458901675772,9647.292311521114,9.720299493050945,3.1375791790281404,1143.070227230591,380.1401935535496,792.1141297660139,528.1467925180729,21.790309856079546,5.374500105004108e-05,14592.441244335772
2021-04-06,21.11916546115453,1.0127001389104378,9986.49737468216,10.700926552122892,3.2918857110062283,1082.4150674682207,369.2451414451112,734.2890914842642,475.5675564806463,35.050973712212894,5.311726016422771e-05,15793.709599931068
2021-04-07,16.574192870606268,1.0126018559729382,9945.065078624531,10.830862630453169,3.3116829138167723,1058.5599526968538,360.1151735186392,715.0189720488206,460.10162211115954,46.14284951049468,5.325942686560339e-05,15858.90874678197
2021-04-08,20.042719409007432,1.0129537504255752,9975.213224243367,10.72274831663289,3.295647016445784,1076.3285822746438,366.9121213779608,729.4591803056906,471.75048969439,37.41312441488699,5.3249546842374827e-05,15802.85246022923
2021-04-09,28.076553025038866,1.012828112313474,9978.272305552638,10.352101989888132,3.238019103065825,1121.6904765613451,382.0143643177944,767.7526652685897,503.6264302348956,22.957400063158644,5.296256151422372e-05,15494.245394983162
2021-04-10,32.70311990375649,1.0127640467322097,9906.071773946484,10.01334252598637,3.184455606812414,1151.3311204391978,389.7468879853771,794.2873523575772,526.7379065693742,17.862842621529868,5.435398399796323e-05,15127.240108204487
2021-04-11,29.13097396501436,1.0125802195417333,9880.633146525664,10.119488478832096,3.201007015339877,1132.1234446930223,382.7876439229847,778.4667747350514,513.8143888843891,21.455947680897264,5.2864789809115096e-05,15191.395450540767
2021-04-12,21.1505316527299,1.0128480887406757,9791.312352799643,10.311858418310932,3.23174441724001,1090.9288517037587,366.8243972419182,745.2549861145702,487.1797713144516,35.40882354586085,5.392491432891206e-05,15263.641985346609
2021-04-13,16.624765975632847,1.012980358969021,9816.727778499007,10.569547165937305,3.27209904583804,1064.387835384295,358.5131088316245,722.4994925283032,468.0017627351348,46.15574979081827,5.342969000548892e-05,15508.447785350085
2021-04-14,20.027297292353637,1.0129154234552626,9789.310128512674,10.355948680379486,3.2385520910688577,1084.530810566361,364.3546498826302,740.2034579760845,483.2092684367712,37.78424283707552,5.373093459122708e-05,15294.0566968646
2021-04-15,28.128640319862896,1.013165234210469,9707.84491120088,9.843659533298474,3.158037873015633,1134.4368959747296,378.4460148496949,784.119521444897,520.9886792491492,23.12043786276358,5.348827986980369e-05,14772.466666715394
2021-04-16,32.77173555239274,1.0130059238337694,9789.727603923902,9.793635205618235,3.1497582303744704,1157.5370587173531,388.07992220079495,802.2288720689504,535.1609166469729,17.53219470664299,5.357492194981932e-05,14814.780162883058
2021-04-17,29.156661784739796,1.0129125633897846,9788.520004259934,9.936031510612931,3.172418941884945,1137.3815293177622,381.3137172062963,785.2244738962058,520.9883311450855,21.5986370962509,5.3186728418858e-05,14944.266095732726
2021-04-18,21.189220612691795,1.0127334463642186,9827.253679979523,10.354602644310493,3.23822255199814,1090.8737005784467,366.9606496104361,745.102271580702,486.9833283002037,34.69200758781336,5.279674151475121e-05,15351.408477447005
2021-04-19,16.444960719004634,1.0128917667146375,9886.527269232489,10.69744828454762,3.2916990460846134,1061.4509410765024,358.74642924951587,719.1494725459914,464.6425727337669,46.39649421032423,5.308531553402578e-05,15700.5116771061
2021-04-20,20.081497837836256,1.01289739568407,9912.369143424316,10.57727960550743,3.273155562708031,1080.6665887152665,365.905941223549,734.8421453295537,477.35715612856126,37.15711969210143,5.302665800985189e-05,15625.606224470575
2021-04-21,28.175122469248493,1.0128965076180985,9929.44321511238,10.239248324283096,3.220372589972635,1125.0300905060312,381.14943104985446,772.055781925425,508.1930821985165,23.0587349664544,5.365470706277032e-05,15351.18185151168
2021-04-22,32.720880800097355,1.0126599212525154,9967.953193040265,10.104803396680872,3.1988571136884847,1148.712664539249,390.0298542884997,791.4036910508468,523.8853889046186,17.55910154358911,5.34940749834432e-05,15273.37516458928
2021-04-23,29.155846141331057,1.0129978726451718,9987.901668497154,10.300431384467377,3.230175668707826,1128.0729831014005,383.6916309683945,773.5371982743369,508.7069118048452,21.351495978512855,5.250303654181823e-05,15470.723417257128
2021-04-24,21.118777920283293,1.0126138688771902,3747.2047453630207,4.620411242677161,1.863427761078924,1087.8194825601247,151.7468813564155,739.4778733971053,480.2970646151746,35.08055828859205,5.326062511901012e-05,15757.273245110302
2021-04-25,16.65006102293871,1.0128882885174415,9986.685735833977,10.878427584325076,3.3194289970678006,1058.056767644396,360.1243962073834,714.5824324599515,459.730497155012,45.77004057416013,5.305415181723079e-05,15958.630479202391
2021-04-26,20.02032603332955,1.0129176810867528,9985.946543829175,10.71385648789426,3.294242087755362,1076.5745363185915,366.4137115283265,730.1811508235945,472.68709612449607,37.33173251210349,5.303712244835573e-05,15818.069449808596
2021-04-27,28.09937735963891,1.012563411185577,9980.294010651627,10.328938814310147,3.233949812400205,1122.126226894216,381.6037151493131,768.6218891045414,504.6819059003606,23.15162534147379,5.33942757823887e-05,15482.649221630336
2021-04-28,32.67740530181614,1.0129664438430313,9954.38853428641,10.084159131637456,3.196070526833157,1148.927603265391,389.8330458361266,791.7719627310811,524.3164001843469,17.21760916568276,5.228540056706858e-05,15244.75361422199
2021-04-29,29.20102517558159,1.013197345673697,9947.866461674765,10.222135145487991,3.21817982775112,1128.182099930961,382.9422184879769,774.4409066185657,509.9970450511764,21.450926062882843,5.30072269311249e-05,15348.518417214627
2021-04-30,21.16082752431711,1.013077077165722,9787.242307872531,10.271202618157703,3.225715046286398,1089.088143249849,365.714651080089,744.534319694077,487.1305050617875,34.70569574449396,5.274491702977392e-05,15216.390909887195
2021-05-01,16.615524073174708,1.013147795862462,9755.871741434295,10.41942727102134,3.249004078853698,1065.0635781224305,356.8766361909411,724.802466004664,471.05953679350336,46.18822931215948,5.341608365749213e-05,15313.088744735764
2021-05-02,19.92869552512996,1.0130711291358094,9938.183741957384,10.612492681597262,3.278886433433289,1076.423718897698,365.3032318494301,731.0491825733976,474.0612254758564,37.75279871199534,5.321261990405958e-05,15676.602089279031
2021-05-03,28.1237692368609,1.012931117469345,9933.298659372294,10.230394383764706,3.2190525643045014,1122.6805027156006,380.63715545238057,770.1671165000807,506.68184239614897,22.684073835792933,5.258871081399862e-05,15343.380574706274
2021-05-04,32.66645604046548,1.0125512322775287,9938.027919603055,10.03813489567174,3.188112258311383,1148.6232271982997,389.3553372083604,791.9343460304049,524.7305117045211,17.311774281197458,5.258166061633882e-05,15185.086665864985
2021-05-05,29.20445335805448,1.0131156353466826,9942.302673947908,10.19638709073882,3.214000496901813,1128.3540965133975,382.77482003032304,774.7837298411291,510.4132807704949,21.269012120404398,5.23981653768733e-05,15328.829905054788
2021-05-06,21.202975058077588,1.013151935280298,9712.68704483785,10.124510080412962,3.2026372131655525,1093.368671792027,364.9908589237563,749.5807879263484,492.2863141611053,34.842303874464626,5.3177064592705184e-05,15023.6247104616
2021-05-07,16.501894613516967,1.012782598330218,9852.001742595388,10.602537298211892,3.276827572847284,1061.361933771717,357.95959021948966,719.9042381657447,465.81627027677473,46.46352391607774,5.3348987204470045e-05,15581.011555439612
2021-05-08,20.063008223973444,1.0131098746038705,9893.00723739293,10.5160873681332,3.263991163566868,1080.2725478680543,365.3238276060727,735.0117284859552,477.8289521983891,37.80332101829274,5.378717066095749e-05,15563.674847570086
2021-05-09,28.08141629170053,1.0130456087972413,9947.2076246675,10.257883818662844,3.2235896431807576,1123.928734941569,381.330853090104,770.6792981431655,506.7493070824812,23.158431044180592,5.329784348485545e-05,15408.555112967506
2021-05-10,32.726650300281364,1.0125577793506422,9987.86791649608,10.128371713856271,3.202428230893142,1149.10889787237,390.7334768428898,791.1020713297617,523.2117398078937,17.859557628060568,5.4427113292778193e-05,15341.502274434182
2021-05-11,29.18114729736527,1.013330082031153,9976.016169229506,10.266452725116068,3.225402963289539,1129.861447046043,384.0423532548834,775.0002410885246,509.893851423804,21.65585832665542,5.335314535617197e-05,15459.927251813877
2021-05-12,21.02878742190649,1.0129678299242868,9925.088371186224,10.534902632649729,3.266694548714773,1085.1906123290012,367.88841274686274,738.3309870040451,480.0448151405174,35.09161956179912,5.299215256051884e-05,15623.901671550348
2021-05-13,16.543320269682667,1.01253613430423,9809.232161177644,10.515603340219892,3.2630291071522453,1065.466863887796,358.1365774381593,723.8736067193198,469.4496829878164,45.73927407810953,5.2677462922422337e-05,15485.3821230193
2021-05-14,20.089224364022296,1.013074311736654,9928.514249955071,10.580606605586048,3.2739711909181985,1080.8757837918013,366.2766320977062,734.6883760581171,477.0118769493609,37.44114487351703,5.341583268787987e-05,15679.811322168898
2021-05-15,28.05488362180698,1.0128993654315828,9963.554473050706,10.28171273049617,3.2270646518381003,1125.3565885732012,381.82572538413257,771.5857468108757,507.30773961637766,23.256314744278672,5.35984900243647e-05,15469.953989174728
2021-05-16,32.69867208508466,1.012675716242928,9952.298855975334,10.055000108892186,3.190979431665184,1151.9196320193666,390.3236872133726,794.2946168910786,526.4170536957797,17.65497971319572,5.37607354967354e-05,15257.60706497746
2021-05-17,29.039190896033485,1.0133104553666243,9951.471946644746,10.219021177564972,3.217841749590303,1131.688386069683,383.5675089444387,777.1600680212779,512.1038418949483,21.847265082759137,5.337703031003997e-05,15408.607989997983
2021-05-18,21.11939206208631,1.0123964250040178,9976.742480420617,10.61372624637994,3.2779801280732808,1085.0121831807155,368.80140399525663,737.3301712475458,478.65344844416654,34.76915575629763,5.28413853174058e-05,15761.23022809164
2021-05-19,16.524833216697107,1.0127124023786664,9892.073086246846,10.66597841370073,3.286552604253647,1062.7787159021625,359.0225464418197,720.2810026770399,465.5914678348824,46.11963679629283,5.302180333104292e-05,15715.949787442922
2021-05-20,20.08558929749224,1.0129232624982376,9832.37538851776,10.38224590727342,3.2427767212035508,1086.087084410318,365.12336551931753,741.049308188493,483.6018603969912,36.981153959270536,5.27355856424419e-05,15423.224899547422
2021-05-21,28.183699230115604,1.012874325358885,9577.1700177625,9.556348052145292,3.111059375225022,1142.5603589395794,376.7003214880604,794.0437366816349,531.3278134767257,22.842449149499828,5.302399233065856e-05,14425.499037909864
2021-05-22,32.64320123680333,1.0129343792308114,9385.607932878238,9.03647517391502,3.0254041641463143,1176.0554484170327,381.8668804856189,826.831769168217,561.7641643351052,17.263225491078014,5.233764762183177e-05,13753.536610631034
2021-05-23,29.10268753120497,1.0130133611843557,9411.56587438906,9.21675421873398,3.055596426061713,1154.8625898438374,375.8076948161445,808.157582558898,545.6287044918413,21.7198000819754,5.3300544287782537e-05,13948.755534193617
2021-05-24,21.096023695550542,1.0125480436385392,9573.3305769262,9.838649692560168,3.1557829452229584,1102.517145301386,363.3574711469342,760.2556978500023,503.1631201332293,34.4573638440228,5.222623254956945e-05,14672.278275710434
2021-05-25,16.590802976544804,1.0127700122395205,9699.62162128831,10.273353465565943,3.225585518688893,1070.6493808665796,356.4094337309027,730.8307501122218,476.9457288183312,45.66062367899579,5.273820489350452e-05,15176.696565899476
2021-05-26,20.097805165920207,1.0125375647797086,9769.63920379808,10.240844627159758,3.220083668714723,1088.2447084272546,363.9526249558874,744.3898886372876,487.3856829748451,37.08126229823304,5.2923621219221234e-05,15232.085372304016
2021-05-27,27.992360552098237,1.0125129489102975,9849.347239000848,10.034738572923828,3.1874747365273906,1128.8976336402875,379.489907173474,777.4000870189121,514.0254340341618,23.18825345219708,5.321240861064532e-05,15134.62409126984
2021-05-28,32.74950207848333,1.0132429957521627,9845.884967669275,9.829772825414851,3.155930206358851,1156.6078449365068,388.4363308413734,800.9210161736167,533.7201470596834,17.47506486266088,5.330706870614724e-05,14963.78242105454
2021-05-29,29.14960979173846,1.0128950900955682,9939.03202426862,10.14596440191641,3.2056142623587025,1132.140416524266,382.90202635672426,778.3879999592805,513.6893359043951,21.29789969692986,5.2489076463564753e-05,15342.086623156536
2021-05-30,21.02911134386036,1.012589739674779,9977.627056585654,10.583629746467889,3.2736206503216323,1084.5022573608994,368.1334525609823,737.3979161437773,479.0372846558077,34.64897762000298,5.2299599692254746e-05,15755.433426066356
2021-05-31,16.572753892594744,1.012703574986984,9930.858916706846,10.701716127214054,3.2920548697253658,1060.7300538017714,358.9890408859152,718.313766808451,463.79829071929,45.9286553615976,5.2973558866051394e-05,15799.323357123176
2021-06-01,20.057400298325163,1.0130632051171191,9992.02036948395,10.65833260683926,3.285936634365432,1077.354011381803,366.1991962029488,731.2122154771797,473.7893245840871,37.26173233304426,5.304355255174136e-05,15827.97574250067
2021-06-02,28.01226562750517,1.0129110077144126,9973.793693792722,10.25572399294031,3.22300504922349,1123.758274847227,381.0206797087956,770.7498607659369,506.9508367257033,22.431050333430203,5.140819443062263e-05,15471.049523461055
2021-06-03,32.71363566024403,1.012951556593994,9957.457837114249,10.014765116427403,3.1850148395725206,1150.7119416218368,389.3561227173621,794.069454564719,526.7579189942695,17.074042415459882,5.195714926015905e-05,15241.030257358669
2021-06-04,29.27605319914552,1.0126267959480175,9888.976691062217,10.02855659275305,3.1866880230437964,1134.0390849454047,381.9807178285076,781.3344203160426,517.0343242336631,21.405556826823403,5.317503270494666e-05,15180.139409693851
2021-06-05,21.133531537406537,1.012745245086787,9923.1110473651,10.45089217905404,3.2532662922226514,1086.1092297266298,367.0021757825835,740.2405854814527,482.3810434830184,35.14436187637659,5.3460728402302586e-05,15581.046438282585
2021-06-06,16.5468649324724,1.0127414878543357,9923.601207349742,10.662755760749556,3.2861122332527803,1060.2798510929244,358.31337743192995,718.5133385934668,464.3440926818537,45.712780466292905,5.265365031109065e-05,15762.36183853178
2021-06-07,20.09253656606993,1.0131121844545956,9672.196026923264,10.032667157230923,3.187239494055353,1091.0438846147806,361.6577853029011,749.4786358779492,493.4603333161736,37.02324198594805,5.284904041429638e-05,14949.255905624985
2021-06-08,28.05157190798289,1.0124658769169457,9442.037508420448,9.269335126066483,3.063383018711517,1146.1714129094669,373.1829570991159,801.040027718334,539.8360047668015,23.03098886931574,5.308541327830518e-05,14024.447024409244
2021-06-09,32.74827891792791,1.0122226011297668,9387.58945604361,8.985581899426073,3.0158430869528274,1175.8475864450336,380.9465335174527,827.6493318455088,563.1246764228863,17.62735693938023,5.380013746541696e-05,13712.41846934869
2021-06-10,29.17063836329048,1.0131144696119996,9235.516060192622,8.867322657470872,2.997252399213105,1162.8286459351964,372.2854314578343,819.7138528406532,558.5839152084728,21.23617710766656,5.228932322273012e-05,13458.096783428897
2021-06-11,21.15907405926162,1.012931433010494,9223.437554873946,9.148409559224168,3.0440413248592715,1116.743514508035,357.38680379955144,780.5157847677447,525.6273570185912,34.532228510535624,5.254192312409205e-05,13702.010830725512
2021-06-12,16.5564997890326,1.0135320842040123,9231.34821658395,9.354174861713936,3.079067858412744,1090.3043666344506,349.1601025433593,757.7007638801242,506.23358594704047,45.35172698466156,5.224107645862915e-05,13900.99907006794
2021-06-13,20.116317429365758,1.0129521369651435,9289.898870727648,9.303684365593748,3.0698769394511274,1108.499822566983,356.5700568696018,772.0460831267472,517.5244030252087,36.89966454971094,5.280273927627559e-05,13920.985619991794
2021-06-14,28.03444679310425,1.01290956473399,9388.520767547048,9.157897476214584,3.0456331006231774,1150.311564349058,372.478919843468,805.8670912986946,544.7714106796083,22.7230639182919,5.232551506602503e-05,13898.409920977798
2021-06-15,32.74411276240352,1.0127011610186054,9258.53174442211,8.757108660547425,2.977609113073178,1183.6628228599764,379.1724285249729,837.2345070974069,573.1990058992081,17.226281624533108,5.252695178018303e-05,13396.980692184588
2021-06-16,29.13166686291504,1.0131569716080848,9020.961693824293,8.493382025057088,2.9334350272051064,1173.6167865108837,369.06286652789777,833.6855868459005,573.6248940993925,21.503600203885732,5.294053469857701e-05,12911.42839328958
2021-06-17,21.11016292576983,1.0128414389955631,8898.274335270324,8.575489222341231,2.947024246576565,1132.4309122688696,352.7136482528114,800.8274269418281,547.4594067200904,34.60707979808171,5.2483655428043327e-05,12862.734520526144
2021-06-18,16.58190817934332,1.0129126805548498,8828.774427245846,8.625154210523322,2.955671218069341,1108.7757730790545,343.45386797805213,781.9038132803456,532.351030126731,45.18300753116981,5.213892911121875e-05,12836.117876474716
2021-06-19,20.090492318551096,1.0129083346122585,8671.06878016509,8.227855615177598,2.886708814227368,1136.5581878956257,347.25526707937746,809.3934131347992,558.1629473101084,37.135210039204175,5.301895252780745e-05,12309.1340644754
2021-06-20,28.10426215736693,1.0126351534362057,8604.448950254118,7.842641075683072,2.8180903125729158,1187.6520385114593,360.5027717227246,855.2535289461016,598.4914110321358,22.811974205410213,5.267750376445884e-05,11879.693634910793
2021-06-21,32.696331118053315,1.0130529051976531,8567.094641724636,7.641591843905233,2.782319390588412,1217.265128846282,368.04206804206177,881.9193919222733,622.0272213745062,17.412693562095015,5.291561575726519e-05,11650.932122920754
2021-06-22,29.196818296738112,1.0128487434909812,8462.850035198919,7.588773790703857,2.772373670367275,1202.2419568061443,360.2468184554789,871.1919566474036,614.4248778934863,21.28086229748844,5.25811111856212e-05,11501.940574341665
2021-06-23,21.129397649443582,1.0128516750303604,8359.12649982512,7.682153723902835,2.789304845575497,1160.4816600091474,344.41544901365893,837.1956086449322,586.8153621908996,34.648813088847646,5.269136438743293e-05,11500.62326292663
2021-06-24,16.485490285038008,1.012465174365495,8509.73750276873,8.080394782008264,2.860189008853155,1125.6366803738877,338.7187851620965,803.4033854968292,555.404494178443,45.75327122667045,5.252330408633496e-05,12027.981062754749
2021-06-25,19.99378894580429,1.0131909214554438,8646.279694501185,8.186528996626938,2.8799736851337303,1139.608020365726,347.0791136182293,812.522695693301,561.1666874857441,37.29970562410917,5.289456910494441e-05,12267.81022335063
2021-06-26,28.182300113937945,1.0131903311770247,8746.568180183782,8.070466803589309,2.859523212704925,1182.2157811610289,363.1828629326758,847.215218342291,589.3263952723613,22.51630523295024,5.223365222841421e-05,12250.039441963178
2021-06-27,32.664394731541364,1.012833734662833,8575.15675390573,7.646033369144924,2.7825131413726143,1217.007910961038,367.9878210394317,881.684484653148,621.8297953843235,17.577306891762486,5.338688030137184e-05,11669.216286799432
2021-06-28,29.22065594404852,1.0126420913823813,8388.59426859312,7.457972836131016,2.748097226987255,1206.6540607041843,358.7075168548458,877.1671997933872,621.0440937737219,21.27979409467157,5.255113571798614e-05,11309.128922960255
2021-06-29,21.00847573562111,1.0128397343001574,8457.373028179605,7.830053595643252,2.8160370488232087,1154.6996567067165,345.586658400859,830.1214740414788,579.329705412269,35.17450967312795,5.290869516020648e-05,11744.44206054912
2021-06-30,16.496307807561845,1.0126198128559971,8495.751228022724,8.041398596948516,2.8535654941690027,1126.6874225214574,338.28268511335494,804.9010452156641,557.085286439489,46.09750432841352,5.2913747363195615e-05,11987.996238201546
2021-07-01,20.00145713905389,1.0127922754608718,8501.533115198554,7.930653093326402,2.8340235323948715,1146.9445115523454,344.49225702678376,822.4537116646153,572.1115557053417,37.01921100405587,5.238321760480391e-05,11887.749121925592
2021-07-02,28.065947521814977,1.0130112101188171,8530.057564696095,7.710748544928318,2.794803608899941,1192.841050190127,359.08365499976804,861.8233427121739,605.5497658954761,22.700465242041822,5.2392772849277714e-05,11700.422461884096
2021-07-03,32.72015048645343,1.0130880296129747,8973.078493975221,8.262981840504379,2.8930459006303857,1198.403632496471,374.65416257384805,856.4696204090766,593.9973045363187,17.448282871306713,5.313703697593472e-05,12672.468764213145
2021-07-04,29.241681779932872,1.0129276872586823,9102.365479852477,8.596455699052429,2.9508313737717,1172.511911614958,370.522999029374,831.2305943655169,570.5175737658268,21.41463728630808,5.2869867740894674e-05,13120.391058563146
2021-07-05,21.080852533230654,1.0128774753394318,9238.951388246447,9.146786351826982,3.0432764154267216,1119.0944180832146,357.698811183963,782.4764594324821,527.2629588593823,34.86459260349946,5.2719719260054905e-05,13765.897988072167
2021-07-06,16.589221803143587,1.013357002291886,9359.65011348232,9.551213432676745,3.111062561859681,1088.277412875275,351.3643549953974,753.5022796830214,501.04875375886,45.37320777280016,5.237170935158317e-05,14262.017485692284
2021-07-07,20.020528197087547,1.0125765657818282,9449.042920889797,9.56164630533778,3.111561709216229,1103.9727881720812,358.82530411400086,765.1680122551678,509.717630852212,37.30500903364442,5.296383460371572e-05,14359.267289131656
2021-07-08,28.124580531654903,1.012747028204923,9708.27341818954,9.689373336338804,3.1324780777052195,1139.1315340007711,377.2641022457711,789.9920122866548,527.1678920958941,22.911016863095305,5.299545716811775e-05,14751.265738786902
2021-07-09,32.65712036942872,1.0126754092975156,9972.55779585746,9.970510867987088,3.17752099661478,1154.1508756317396,389.2586163969202,797.5493796042479,530.0435784324169,17.284827315286506,5.245703411450718e-05,15289.700662542784
2021-07-10,29.13507425386824,1.0129215304630377,9807.695536925445,9.81894624462386,3.1536875568207865,1142.2319456804712,380.6183749436364,790.7486449907032,526.5499057716089,21.754523144719,5.348497630427224e-05,14990.913536212794
2021-07-11,21.23477279579379,1.013328836852683,9864.301687986992,10.267000701344202,3.225444620466161,1095.1365434828292,366.5120687444228,749.8592475341999,491.7117594641748,34.32477781750937,5.244711261837546e-05,15450.975119781917
2021-07-12,16.473837876387883,1.0127670689029376,9958.599010901178,10.66435378497677,3.286405733595912,1064.841176258051,358.84781465328336,722.4671994811555,467.70228341936354,45.92996203310283,5.2669124360213e-05,15895.53787115425
2021-07-13,19.933936354483404,1.013182722588927,9864.585269945705,10.323459140966827,3.2340204357155917,1087.3217718475098,363.9871932341812,743.2685149678122,486.22665634624855,37.26271795354227,5.2568408917786685e-05,15496.705791676754
2021-07-14,28.14049866372237,1.0128984106381371,9774.945915326683,9.784729298085225,3.148029693165638,1137.3992120114797,377.94615831406514,787.5935523611369,524.5410856228942,22.895681106513948,5.299194543044428e-05,14928.186116140969
2021-07-15,32.636177102854056,1.012735508596214,9686.572625944393,9.43953990025111,3.091629101162237,1167.5006635496582,385.0726470598892,815.0641935926233,548.8551798179293,17.233995538844994,5.223559364672936e-05,14527.82317350685
2021-07-16,29.2063153970095,1.0129205123789808,9289.082645155284,8.883025258884022,2.999506133270863,1166.2361873622583,373.15751856179145,822.2849841974762,560.5277032734974,21.468794599404333,5.2856793902674846e-05,13611.252298614758
2021-07-17,21.06912747639028,1.0127902588350537,9185.726438501995,9.012410043343188,3.021180575416333,1124.654284610294,356.9496585309466,788.7737535557376,533.6032654229551,34.8651685756785,5.280735318191136e-05,13631.904515070064
2021-07-18,16.562484184077764,1.0129591877598385,9169.333788779424,9.158762644999062,3.0458814582064515,1099.6539625801197,348.4781070425708,767.7383397216267,516.0733481711178,45.1966312187168,5.210826303828557e-05,13754.387314241976
2021-07-19,19.92930162355225,1.0128213567043705,8883.500645046717,8.53221281266134,2.9391157104126093,1133.3630059814293,350.46119377886924,802.8311138261125,549.9938124224783,37.06982523374304,5.242106507056904e-05,12890.912965476818
2021-07-20,28.067449873439063,1.0122897496834322,8427.682296162728,7.504124301070836,2.7561255956628803,1204.6058011180055,357.39931988837293,875.2739311030722,619.3376604713895,23.20531003861461,5.348213716310846e-05,11453.080945253088
2021-07-21,32.655542559663694,1.0130843467011494,8483.720906472541,7.45230510722498,2.747689149784785,1229.0883998421916,366.373576632631,895.3703657692245,635.7869810066686,17.806154110037905,5.4004626366087246e-05,11459.225972275131
2021-07-22,29.08762277878577,1.0131611503174789,8444.943027287882,7.505522533284274,2.75757966521851,1209.240640307164,359.4549145499146,878.8733485360349,622.1325068543553,21.48108156057916,5.2757567574898894e-05,11472.264450094604
2021-07-23,21.16316350066406,1.012827000191366,8303.567136859005,7.527652024600744,2.761116796706313,1169.2258090321825,342.99753574368225,847.3914367891643,597.370420334763,34.65300459045988,5.276201876564179e-05,11358.850580691907
2021-07-24,16.497776890689334,1.0129618386410415,8194.160511509252,7.502554344935507,2.7567666242652,1147.1501772067693,332.8560683403083,830.7918857571503,584.8996407298824,45.96922034726372,5.277442260353173e-05,11230.203974139216
2021-07-25,19.99040194569022,1.0129909312682952,8114.4941313121635,7.267312434638781,2.713132783918893,1172.5422813581577,337.49477460051986,855.037908703328,607.2689625009876,37.283292904811546,5.285286181299595e-05,10923.668395066175
2021-07-26,28.076123191758157,1.0130386537512528,7943.969607024639,6.7766417437337845,2.6199654096909395,1231.607758681553,348.2296079913547,911.4542738819564,659.4235682198826,22.97966098285732,5.309862383707785e-05,10269.238404714632
2021-07-27,32.663235625174885,1.0129248114181129,7797.218866138427,6.440847205259678,2.554146653755762,1267.9572454161494,352.9679548704409,947.6525261708836,693.9240419925628,17.12645448699191,5.2008163870331015e-05,9785.006689921966
2021-07-28,29.20985297927743,1.0128283579776551,7709.333815923213,6.405888133606248,2.5471504631591757,1251.8793242466836,345.38675517265625,935.7024220533044,685.0777279658683,21.27092993491805,5.272891787308268e-05,9669.861753120493
2021-07-29,21.13010064449096,1.0125467189307165,7626.488206641719,6.499709787489814,2.565302798584281,1207.9645723118986,330.1892164448563,898.9054565115331,654.3407075736301,34.514129050588224,5.238523026982077e-05,9697.039573068336
2021-07-30,16.58688018965263,1.0130220711470117,7680.100708895639,6.706431420334559,2.606466406721168,1177.4123611100558,323.70842685385185,870.2908144458565,628.1956250110658,45.72634078701484,5.277635874332273e-05,9963.662678849412
2021-07-31,19.99356564977744,1.0130396493573646,7700.655842114254,6.641047648018813,2.5937149638724777,1197.0780610389522,329.8472823746825,887.2243443140469,642.6754122119879,37.55928423129121,5.322915043968814e-05,9915.01308587596
2021-08-01,28.12138213065327,1.012894177416272,7786.087044585466,6.544675656520038,2.574644184235612,1242.2387349715711,345.3420062601556,925.018110842069,674.2044877274495,22.656187019916388,5.243944894355106e-05,9891.646254775464
2021-08-02,32.553700212663735,1.0125563720692534,7641.450329650249,6.225390590835137,2.510622787670377,1277.3247473752745,349.63719267512624,960.241254912812,708.0068508299131,17.327630275501587,5.2309787062644507e-05,9420.316898233415
2021-08-03,29.20064992374901,1.0130180420258348,7545.217960581976,6.17917090255273,2.501914193802008,1263.698563982438,342.29391221861584,950.6053016875716,701.2970805880865,21.431723350250863,5.29709537373162e-05,9295.566656428471
2021-08-04,21.07501576630161,1.0131322792097028,7538.963710772451,6.3819972157717375,2.542728965413636,1213.98438778759,328.8172771646168,906.2421263892746,662.1859442065064,34.62610109738123,5.24439027811083e-05,9507.883591582757
2021-08-05,16.540856658366597,1.0133345000272718,7521.161315033882,6.478197341313776,2.5621363972859377,1188.1836143993862,321.0476464115672,883.6768246461857,642.6222548887756,46.149715321985205,5.311547458111158e-05,9599.683755197178
2021-08-06,20.053588924029096,1.0126064410526996,7982.0349553256065,7.064035556977046,2.67429923084277,1184.56966479712,336.1626344528002,868.4606192683488,620.9099967026917,37.05193428350632,5.281517682024028e-05,10623.114395191713
2021-08-07,28.0463110992945,1.0125182249318114,8071.968094513269,6.965589552708548,2.655553467933986,1227.98151438402,351.46047195603734,904.5673535272772,650.8384464605497,22.988293038078293,5.301681068716366e-05,10602.447676576769
2021-08-08,32.64695041216946,1.0129482783823585,8038.59381020673,6.78418214940161,2.621420903981237,1258.0635232595562,358.5134765111097,932.1969971606158,675.6815442477438,17.392570829360363,5.27678449020958e-05,10387.57669235191
2021-08-09,29.13987119245901,1.0124383913549782,7614.0120443952255,7.115779139911069,2.6012259305513807,1205.9372559557555,320.8930884299162,872.5050076843753,614.7911753036009,21.50521823651493,5.290772758091301e-05,12210.270642175134
2021-08-10,21.15786467650065,1.0129553867369152,9969.92188950784,10.39510962138054,3.2449003100856166,1097.157468800547,368.0484668355486,750.2668666414985,491.1927220994996,34.95704053159805,5.325839077924569e-05,15773.9877570034
2021-08-11,16.55841548627012,1.0128487690556096,9985.751039480763,10.639022080147477,3.282631088852637,1069.8109647365773,359.44129786659977,726.9280823562477,471.589796541751,46.16511288189364,5.3197862487534414e-05,15994.46302825612
2021-08-12,20.048977751622527,1.01279217506606,9922.932693016834,10.356549644939884,3.238541103304247,1092.299417889637,365.1795791456395,747.1688164956199,489.2772501768943,37.28796631461709,5.30193072517442e-05,15679.324056827178
2021-08-13,28.13999063426391,1.012929739630584,9970.245181564103,10.078898974232258,3.195129688857513,1136.1150890310134,380.7984921161622,783.4565875491149,519.0500377724483,23.25755005536121,5.398185574812423e-05,15487.318476851431
2021-08-14,32.63407253880769,1.0128248790926495,9880.929315728985,9.723391914162828,3.1381484458845623,1165.1103057198764,387.7736829226084,809.970695336076,542.5238444228547,17.49160121837525,5.299731501942485e-05,15066.233003815749
2021-08-15,29.216072795349607,1.0126345175769067,9820.822780095628,9.755440882093929,3.1430181766449827,1147.792836295466,380.5363144920972,796.4725945987184,532.0150137970155,21.424528308409496,5.299544202575321e-05,15026.943115095166
2021-08-16,21.128188796086462,1.0131428701872018,9762.556339872655,9.99968974552355,3.182929681896434,1104.566950270925,364.8656745763048,760.8294644907064,502.854115013685,34.89955858287752,5.297217255686613e-05,15192.392290992217
2021-08-17,16.554117196186425,1.012953455877584,9691.651397803911,10.066498346512171,3.1932512328665754,1081.5336209163925,355.4564294361168,742.6313086764623,488.51265737502246,46.28109028299874,5.333977073890741e-05,15176.47166155093
2021-08-18,20.10679765974153,1.0124994154376623,9649.492488216116,9.82221227515741,3.1533820611852224,1103.425948052419,361.3855522529777,762.1471934591824,505.4833855245644,37.28468268258674,5.330802610929926e-05,14913.841412974994
2021-08-19,28.02689620378754,1.0125358209167763,9562.267455730956,9.330651986616587,3.073686401458638,1152.6923065650471,374.75255138753647,805.9666513812982,543.5555016657984,23.125119705976232,5.326487265505311e-05,14379.340012492394
2021-08-20,32.70998062584962,1.0128881156510767,9672.16817857864,9.340537403274991,3.075853187237604,1174.3613456929645,384.88220817342335,822.1891181453906,555.6988683358311,17.62063190826367,5.365676756487711e-05,14502.904246739112
2021-08-21,29.14648948252506,1.0128784694606752,9709.240833885671,9.543994616076011,3.1090736303830337,1152.6994308354867,378.7850640914125,803.0608562265992,539.1614454648935,21.65793568273074,5.328529764448139e-05,14733.363327069135
2021-08-22,21.047694009885912,1.0128266268297386,9694.301761281316,9.85416044234377,3.1591086471550707,1107.0391429808592,363.5560448221367,764.5307921686081,507.0222416505712,35.162286990213246,5.312164461467838e-05,14998.59102735908
2021-08-23,16.644784881133145,1.012941253357836,9577.263538939858,9.82579428740413,3.1547495244396475,1086.9619718923334,353.69686991104794,749.9098868624181,496.3857506685984,45.86886213355115,5.314925881193141e-05,14848.776463521775
2021-08-24,20.149456518080363,1.0132760522488555,9590.596758221754,9.69206763095974,3.1337973466057334,1106.5655335843355,360.2058584323172,766.5091316700987,510.2661869575164,37.09014691069814,5.3044967426077136e-05,14750.086267785497
2021-08-25,28.160854387100915,1.013413810807408,9732.874033998803,9.609516182633874,3.120598115473206,1146.6768809865698,376.9265812199917,797.9111541536787,534.8175037904166,22.912921982972478,5.334642194863243e-05,14832.87282794252
2021-08-26,32.68584577456573,1.0128240084740605,9760.748526572184,9.47166485961253,3.097273114764722,1171.4670973469451,385.776091964714,818.3768511567965,551.5883236423571,17.734929272030215,5.3914822547028034e-05,14733.424379997654
2021-08-27,29.178749029636965,1.0130922746187538,9709.735927671409,9.525830028748958,3.1065260356816764,1153.9771974629166,378.6435439033653,804.5124025891884,540.6222673533767,21.744148038845484,5.367056755410397e-05,14733.694858888544
2021-08-28,21.190723279608605,1.0131072795934877,9670.955879068595,9.79459291591253,3.1500545053860733,1109.950465241631,363.40280557701385,767.7383829442257,510.1983679654201,34.983379611394945,5.322696211296874e-05,14934.02247376128
2021-08-29,16.57237992169947,1.0126652763374877,9625.758158219996,9.908167179280683,3.167584507558772,1085.0681586603753,354.1850605533445,747.4554780287299,493.7635632066792,45.97841983984935,5.303732906104737e-05,14980.683408622926
2021-08-30,20.013213669911337,1.0129112907110625,9654.877107762091,9.805473489174998,3.1514861960952048,1102.8671055740576,360.6468613119744,762.2334579319948,505.9248290208912,37.837286258143806,5.374439845609882e-05,14918.878433810283
2021-08-31,28.0173572513539,1.0128290361537873,9602.989179019689,9.372964068754651,3.081008929465097,1150.3967346803634,374.4720732205497,803.9420187111672,541.8084679145026,23.19542571555294,5.3264823429161225e-05,14468.12186398545
2021-09-01,32.680360644239805,1.013062712939537,9567.798349856372,9.130118501159652,3.0412723082333994,1179.3664761145128,382.5725797826379,829.4742569761147,563.8667635290651,17.717226022121768,5.380160068705513e-05,14210.780632443306
2021-09-02,29.289841221151303,1.0129178830130343,9615.31846383218,9.342818677484985,3.0762465889796733,1158.6465154687144,377.1682707597861,810.7680859300798,547.4135377213344,21.839768591030573,5.418234654046143e-05,14464.871335717333
2021-09-03,21.14472793221776,1.012964798027547,9541.002516950148,9.53803915168388,3.1083223691582407,1115.2071742403327,361.0430453168193,775.3088568557314,518.6247630783183,35.08245022639739,5.3411221566676445e-05,14567.133497319488
2021-09-04,16.673288557373045,1.0127234149728035,9489.917051506916,9.632151020309337,3.123234890892308,1093.090093583087,352.2448778056696,757.5185043347902,504.3694575879068,45.72294972098501,5.309231222141073e-05,14605.0678574629
2021-09-05,20.153165426943,1.0130084337913396,9461.563630116056,9.439438538083822,3.0922499694444614,1114.1547460501886,358.3969614880593,775.910949989072,520.1366224417787,37.25487027845679,5.323560241180143e-05,14403.74380117373
2021-09-06,28.106030331766647,1.0131682347298918,9490.843578640155,9.161588262443416,3.046633503290666,1157.92807700109,373.1394162733998,812.8946910594572,551.0503421599991,22.587132512422595,5.204917345920853e-05,14180.22328437193
2021-09-07,32.66951210161283,1.0130215781860796,9531.910043659154,9.054083620342045,3.028521627502532,1182.0239435110343,382.0535118453047,832.6399437673423,567.1424691573449,17.80028636933996,5.405542742482225e-05,14119.998446159563
2021-09-08,29.2497747712452,1.013115424650432,9502.10413884126,9.138390802468562,3.042693494169455,1163.2466371049309,375.336977963132,817.1594339130439,554.4603165574538,21.698605566861747,5.358948902819919e-05,14163.8677186927
2021-09-09,21.23682038815051,1.0128719742085368,9608.354856436796,9.658550969005844,3.1267807651149773,1113.4300436850326,362.12526590684297,772.5415981663401,515.488535374831,35.19469992756057,5.377337177774744e-05,14753.424050993415
2021-09-10,16.4897618574835,1.0132110886929808,9870.313556126106,10.34980497000834,3.2382739930189337,1075.5561196790188,356.8353353004233,735.2105462360788,480.7515864339152,46.45755172297206,5.329214313347304e-05,15657.349467548243
2021-09-11,20.147965248220697,1.012858117515338,9796.859338922164,10.042492063130616,3.1892667759897733,1099.3246854697074,362.7146476731577,756.7580030447699,499.69611870812497,37.4089834884327,5.3508331258653656e-05,15303.822083008155
2021-09-12,28.128034826132048,1.0131244613382275,9939.264802564923,9.950461279026948,3.175058704838625,1138.8020955250308,379.2988797690113,787.6312505821514,523.8014376201633,22.867022278795066,5.2839791402429165e-05,15380.071457876673
2021-09-13,32.68287284625422,1.0131378381772294,9977.368920273298,9.82664882146896,3.1552672865107354,1163.3704274370727,388.2002915618751,807.8530087214522,540.3210742166253,17.53961235407721,5.3308273527764415e-05,15307.644236656444
2021-09-14,29.165955949611043,1.0127730487824065,9960.307720985496,9.939033594186144,3.17265561356218,1144.0605566312397,381.3527392924502,791.8737732884002,527.2090555502656,22.02111475845368,5.440550815036094e-05,15388.457598129173
2021-09-15,21.10840363275968,1.0130447130943512,9983.108585607288,10.336267807267856,3.2358547520985503,1097.0268291473387,366.47709436102247,751.658138419076,493.34508176320855,35.396380176550004,5.370462163595922e-05,15766.593748656704
2021-09-16,16.58942608782591,1.0129782297496237,9985.142348393969,10.546589086771018,3.268548123004751,1071.1746809117294,357.9572824296585,729.8068245698964,475.1236492620041,46.66754890318064,5.389411305288826e-05,15951.09518204152
2021-09-17,20.019515887688616,1.013236360042385,9904.400637226192,10.23811609309874,3.220673233853775,1093.3630066176215,363.22670058816215,750.155821917148,493.1510295678393,37.88262027730961,5.370898242119465e-05,15588.367599074089
2021-09-18,28.065882093703767,1.0127519834148804,9775.319531570403,9.639411213819962,3.12445201024242,1144.4862171606444,376.2976255889346,796.2544736654136,533.563906878495,23.06986293577827,5.325249713524216e-05,14911.371995452077
2021-09-19,32.77391375303494,1.0133481005155505,9776.974647236566,9.448986563867969,3.0943571099727065,1171.3780605819345,384.90398421485,819.2479901201192,552.9563831500644,17.89832904794046,5.46477183082242e-05,14745.806357482628
2021-09-20,29.17326451747296,1.013009774071574,9804.077757671648,9.639115162680795,3.124564031778457,1149.9597203147252,378.6541769424272,800.478807889771,536.8296189348497,21.81387901896389,5.375992402793485e-05,14951.62760173786
2021-09-21,21.20198908500917,1.012784368089141,4579.265596155025,5.235319529500619,2.0236626656795,1108.987797504935,180.21394888853527,762.0526124790603,502.20311910970327,35.57386129308186,5.435200916688245e-05,15686.210283494396
2021-09-22,16.588287602990295,1.0129681440245075,0.0,1.0129681440245075,1.0129681440245075,,16.588287602990295,,,46.88884655248891,5.414287893524135e-05,
2021-09-23,20.02014039768634,1.0131433508435363,0.0,1.0131433508435363,1.0131433508435363,,20.02014039768634,,,38.04417185554327,5.4026476588876485e-05,
2021-09-24,28.073764786322705,1.0127273410083224,0.0,1.0127273410083224,1.0127273410083224,,28.073764786322705,,,23.39062305103401,5.397325023100933e-05,
2021-09-25,32.619005165663324,1.0129442246156934,378.7905781620741,1.161958050531618,1.068906786959465,1529.109698150283,50.742503604046,1311.6277168896909,1120.3897336492291,17.752664449489796,5.37378425499161e-05,3115.449609251175
2021-09-26,29.188889726340108,1.012869358505094,4496.876536190418,2.7881796716274283,1.6804882575126332,1511.6178895851906,243.6796456645676,1297.1271336469629,1108.414212016992,22.151295595632323,5.471751673957431e-05,3073.764145764452
2021-09-27,21.25398435954629,1.0128108795442825,4721.69418070492,3.1687873680170124,1.7643523916552866,1440.3993638289005,238.8249742289921,1222.828373959455,1033.80951795443,35.272281696785974,5.399477450815835e-05,3690.234169744312
2021-09-28,16.486388761471485,1.0130514424017198,5413.0377740406175,6.163039359426452,2.23273426255122,1070.5101329978045,201.05462976439648,729.7687649924044,475.4367591441056,47.023990895574514,5.39396565820477e-05,15946.869541759132
2021-09-29,20.130310938827776,1.0130389621400837,0.0,1.0130389621400837,1.0130389621400837,,20.130310938827776,,,37.97916421630163,5.4271961311040505e-05,
2021-09-30,28.120641826192596,1.0126974003640588,0.0,1.0126974003640588,1.0126974003640588,,28.120641826192596,,,23.568140540298227,5.449524802956658e-05,
2021-10-01,32.64100179228172,1.0131602086475109,0.0,1.0131602086475109,1.0131602086475109,,32.64100179228172,,,17.421384911441333,5.281504032863147e-05,
2021-10-02,29.222658566416047,1.0132549387854726,0.0,1.0132549387854726,1.0132549387854726,,29.222658566416047,,,22.274389953930264,5.508698689481088e-05,
2021-10-03,21.16289623658061,1.0127839079824497,0.0,1.0127839079824497,1.0127839079824497,,21.16289623658061,,,35.51914435592857,5.409647631927056e-05,
2021-10-04,16.63506691483371,1.0129952161229463,0.0,1.0129952161229463,1.0129952161229463,,16.63506691483371,,,46.44437547505272,5.377900476634446e-05,
2021-10-05,20.07549526973379,1.0127792380403362,0.0,1.0127792380403362,1.0127792380403362,,20.07549526973379,,,38.228218157658205,5.44594162063653e-05,
2021-10-06,28.14468608860573,1.0131987389357844,791.1033305393612,1.4539197107582442,1.1546609239292966,1357.6321715547926,63.20693442022641,1077.134184901827,844.882703496787,23.35314691587021,5.4131988898836456e-05,6473.683892141919
2021-10-07,32.80282241805907,1.0127626900792486,6338.097758726974,4.515804215078605,2.13855053188052,1367.3934405734851,314.31193814195325,1085.8843248495912,852.681378887884,17.743238887660432,5.4296909950118114e-05,6449.372144809288
2021-10-08,29.23662582730874,1.0133494379842778,6411.100219354686,4.664569245819052,2.1741122242876645,1339.908728052961,311.2785966417412,1057.8667572385284,825.1406625647669,22.15337272011558,5.475165298164029e-05,6687.519012223046
2021-10-09,21.24046484303432,1.012633634197637,6359.240410774193,4.7431505372093135,2.1915799681768013,1292.661728200686,297.79680444894865,1016.1053885947716,788.3955911459049,35.492387766600224,5.43226321767014e-05,6746.370903921947
2021-10-10,16.61033273165124,1.0126506945290827,6320.338991586985,4.781389446789691,2.200394250291,1265.8699206292783,289.6720739004586,992.8081794604708,768.196523604683,47.16731550185464,5.4563169475775874e-05,6764.722118950446
2021-10-11,20.092236551509625,1.0128656664573537,6377.385111138568,4.782387616964953,2.200824354296725,1284.1341481526288,296.3555234211488,1007.8708612829896,780.6207569517447,38.32400355932896,5.468279794487029e-05,6809.6867272745285
2021-10-12,28.16711112554403,1.012733568619199,6392.373929716316,4.650920117875157,2.170274763672302,1334.8701476167546,308.9171091845432,1054.1201495577554,822.3880285922854,23.227716769469733,5.399588011533108e-05,6662.480687334159
2021-10-13,32.670973764817155,1.0131139376358895,6627.350851937662,4.844678605385016,2.215284839862248,1346.6850891088168,322.1694832035409,1057.1865796700931,819.4374360788423,18.33882073634703,5.566639145903676e-05,7070.991762015966
2021-10-14,29.25341999373376,1.0125839580110336,6620.06251077877,4.897476256995419,2.2268632575571545,1325.5487256000747,316.9065529915381,1037.8955926022702,802.002252060434,22.022839291922764,5.470132628791877e-05,7129.512397156887
2021-10-15,21.08644343723852,1.0129977199326774,6577.458300243822,5.004327775705812,2.251506779314929,1276.865785956459,303.2297343830169,994.7224950106806,763.9377204569417,35.86224060395823,5.437360226958872e-05,7225.774215382491
2021-10-16,16.74443543119239,1.0125437757503286,6576.362963360013,5.086303253415443,2.269355700163584,1250.5256706970151,296.58384758308256,970.6862585451252,742.2439513728065,46.96226472293731,5.476600615385643e-05,7325.006213503733
2021-10-17,20.206239890077818,1.0129039825249508,6791.495432823151,5.288183292332676,2.314195544877567,1257.7815115364945,307.2485886349454,970.7391627916268,737.5263724213306,38.40587862859774,5.5288834492015375e-05,7725.214022306024
2021-10-18,28.18653438712676,1.012713933043492,6854.958380457571,5.19742225943478,2.2942235823061368,1303.1594182347094,321.2138629261764,1010.1320896956598,771.577417913414,23.38702649901317,5.421868677044346e-05,7668.973051425971
2021-10-19,32.743389029603364,1.0127491730835383,6952.817920927458,5.221983873837213,2.299674921359935,1324.8013117913458,330.5925604815816,1026.9521403393674,784.6210631624573,17.920290397114165,5.465728466058143e-05,7774.168787196932
2021-10-20,29.248624788916143,1.0129570089290094,7041.459950622243,5.404474589579491,2.339551977256604,1297.0452496535247,327.2362821591132,999.0575922833274,757.6327851310903,22.154157130172752,5.478349303367626e-05,8059.440281084978
2021-10-21,21.126264910523,1.0126689432161031,7393.666836028987,6.052426271493161,2.475520359672295,1224.9426960971707,322.34178051481257,923.727180492881,683.0845631523858,36.386824826940966,5.530733724010023e-05,9082.139951687435
2021-10-22,16.69601913828096,1.0132573735765442,7569.699695357295,6.4164504451076185,2.549506618449891,1187.5214668651554,318.6521656336885,885.5653203697476,646.043975805026,47.864323657343,5.563770199079892e-05,9630.974765449302
2021-10-23,20.120135946986824,1.0128619655933726,7770.6009416208835,6.606909805100216,2.5868513505410267,1196.73119672774,328.2793590677033,888.5719736070241,645.0187882049008,38.43241283539577,5.495805556342861e-05,10009.375830841243
2021-10-24,28.251653440465656,1.0129596191579535,7750.009638483393,6.3631070747390455,2.538708586999691,1246.6630892788455,341.28531605921074,933.6294266601004,685.0756677198527,23.520879655334067,5.489779492258187e-05,9724.029047929018
2021-10-25,32.73398812556787,1.0131231393198483,7835.641356474312,6.369249071050835,2.540186732129865,1269.7009484196628,350.6712604826448,951.763676062586,699.3467601950433,18.40167920302905,5.60905608746344e-05,9809.214034428936
2021-10-26,29.260953467947527,1.0128752610045235,7737.221868850418,6.321682715271225,2.530393083860092,1254.0249304794634,342.9305818920987,940.3553020553118,691.112718812392,22.29383699629844,5.5197837156927954e-05,9670.29946397052
2021-10-27,21.09474016605692,1.0128160335933325,7743.201435484233,6.544881373766351,2.57461907933816,1203.9394886295484,329.5854586304053,895.4487701652,651.3873104016681,36.31247159269655,5.508937429596867e-05,9918.739517331078
2021-10-28,16.802980500257295,1.0128021296264589,7680.187418097898,6.569212863239493,2.579374230377133,1180.8478005315667,321.03863269167493,876.612148340149,636.0362195826534,46.82831604407494,5.481929288084497e-05,9886.967642779526
2021-10-29,20.30802556166065,1.0130861634344903,7613.887255043297,6.378254330906926,2.5419600132251587,1206.259657960063,325.48523100194234,901.0824525197812,658.8595564162973,37.82302318085255,5.468755525639415e-05,9627.445978610252
2021-10-30,28.165068821514144,1.0129491278738108,7677.520506090165,6.263806254717828,2.5188542478596214,1251.2609979702077,339.9251519068748,939.5009148848468,691.5022060031048,23.40629017850084,5.432899312272268e-05,9561.570160865547
2021-10-31,32.696100124543555,1.0132410252196318,7763.781709689457,6.270369701570925,2.5205377076705866,1274.449265082095,349.3395473301185,957.80581787652,705.9512469269226,18.2820442742559,5.558570116534417e-05,9647.175336055718
2021-11-01,29.17712615863084,1.013645919134203,8003.791553020502,6.701884461709946,2.6061938344879656,1240.1963844458055,348.5210037193613,920.8525068850752,668.9054759192633,22.213643356855236,5.476363325229272e-05,10334.27007591852
2021-11-02,21.245757641110547,1.0128814672673914,8054.277868571979,6.989420583787863,2.660673115529697,1189.2679906593232,335.8803764443026,874.633371856131,627.6934533627201,36.34017259941656,5.553450261959589e-05,10680.654577161196
2021-11-03,16.766388120195995,1.0127066030952132,8067.783544651934,7.139556524090984,2.688907313526982,1161.8721265771535,328.5458437729972,850.0926709243525,606.0522700152154,47.43832782200823,5.542938746644059e-05,10852.508388650394
2021-11-04,20.1339034893832,1.0128757306808382,8072.6490475572655,7.042863677233881,2.670768708951233,1182.3303828180358,334.3943885193847,868.0698977880342,621.6672289996535,38.84762165365561,5.5571501554894886e-05,10763.950436707672
2021-11-05,28.1670342788422,1.0130868814890308,8054.741589956746,6.7831553199972285,2.6213839496623743,1232.728258198069,347.6955258549837,913.1997666219278,661.473514867562,23.615023136250095,5.479140319924856e-05,10480.617501553892
2021-11-06,32.754472342220616,1.0130707643923051,8006.108622548277,6.584522621543726,2.582689256731935,1263.9020627222524,354.3866015549833,942.26993350949,687.9427872025238,17.660821839210804,5.387533702411503e-05,10228.052825635956
2021-11-07,29.21631394860195,1.0129815926083958,7878.135123235189,6.491622843281147,2.5643453624866006,1249.078723276543,345.75318725908863,932.5418499660564,681.8268504761604,22.069472506827815,5.457172409564736e-05,10015.322395249854
2021-11-08,21.219066021092257,1.0128405302475385,7660.903128422447,6.394433626434975,2.544874050613022,1213.012123699945,328.03386006640943,906.197329654628,662.7251720976282,35.99842861099948,5.4986334525606e-05,9720.538224988162
2021-11-09,16.78283272767619,1.012743361156075,7600.22506585779,6.4283143970306895,2.551508597923091,1189.8455830586868,319.6144084941296,887.0140072922337,646.8671103359577,47.2119970999442,5.520844758726153e-05,9705.846756017922
2021-11-10,20.091275362383303,1.0127140838438553,7592.303603825228,6.325496179592549,2.53094823620419,1209.6291605151564,324.6677999024139,905.052635975126,663.0409312498386,38.59044070099345,5.5094183392878254e-05,9583.903087624129
2021-11-11,28.085395954200155,1.0133186914220005,7625.330015770294,6.170900581199326,2.500597217322763,1256.048666006787,338.42616953077464,945.7078924302124,698.3496799302197,23.89368289895741,5.519210567411176e-05,9440.541658736824
2021-11-12,32.75488572430046,1.0124404107338338,7535.045160837267,5.934431565805228,2.4510902003404498,1289.003112369689,343.91609389577934,977.8419041982098,728.6642899408198,18.515040283132784,5.6543706592389685e-05,9089.02125959692
2021-11-13,29.2240515010233,1.0134460559778502,7588.326921869513,6.100589498782657,2.4860205400978987,1264.070198355825,339.32957570210505,953.9646741547434,706.4398559395826,22.842090004154755,5.645022137888933e-05,9321.869691440555
2021-11-14,21.246513811266656,1.0131254765397892,7802.177297190039,6.59900463089274,2.585561066388415,1203.463874026066,330.6983988653565,894.0119889719762,649.4155927060748,36.62776213857489,5.6056303030700976e-05,10057.439904257762
2021-11-15,16.705391038739915,1.012622847409921,7665.623567958552,6.523214629721564,2.5699873086305915,1183.43712987236,320.3864756137885,879.7560452973117,639.3947469184105,47.5025575607269,5.52813898193988e-05,9853.080282979996
2021-11-16,20.08104479267948,1.0131812679622312,7531.461986839393,6.245062207770453,2.5153926151039454,1211.1574454387526,323.1872680091464,908.0512222222856,666.8431036662856,38.85317473620783,5.534868894179257e-05,9434.727129283046
2021-11-17,28.122881722439047,1.013122940414781,7751.121076425295,6.344822922088061,2.5345992338025694,1247.272137429749,340.8055122333724,934.5895069188156,686.2467649824206,24.113830112674183,5.5783444464944834e-05,9732.310391868174
2021-11-18,32.6916973787906,1.012959728169283,8140.979446987113,6.769646821639316,2.618627197398686,1253.4671746417478,356.55540262965764,929.6034693908804,674.4471639609942,18.149381966613497,5.520658194272103e-05,10541.4656967277
2021-11-19,29.269320678769887,1.0126542463935102,8299.873016840273,7.09304856175672,2.6799581759262896,1224.0960411307303,353.6817959534121,899.6835658560882,645.5674099210204,22.570019825988734,5.59217844313539e-05,11029.394067396075
2021-11-20,21.257785092904463,1.0129051799281945,8278.139975958282,7.303075119222054,2.719734315149396,1177.1024881141634,339.6136158935116,858.7466573135558,610.2782433160786,36.689243836950816,5.622128568756783e-05,11227.819499578882
2021-11-21,16.83233578765347,1.0127181638277996,7843.258995213047,6.775092242222314,2.6193749859107043,1173.9031983175428,324.05656356746255,866.6789705377336,624.6826436371244,47.591692646732746,5.579457338450206e-05,10282.80984693912
2021-11-22,20.231666835098224,1.0130637785457226,7822.797443723805,6.650844784300529,2.595690246171684,1195.9851094575808,329.5298301342147,886.686946158465,642.5065402442841,39.16647746924156,5.63977206707146e-05,10138.969977742758
2021-11-23,28.122727233183056,1.013065432895005,7782.360591334581,6.381342649561226,2.542544576858739,1246.5312689042505,341.9563143737702,932.6976817636636,683.6763697374198,23.674355091612856,5.4752237795117365e-05,9814.845535396424
2021-11-24,32.704624482783125,1.0128228569329885,7702.4701398305,6.152555886474629,2.496245396249962,1279.334521979635,347.7723932757456,964.2667531866726,713.1421715093944,18.51400431044218,5.6355723716222033e-05,9493.457729244104
2021-11-25,29.19525902323461,1.0127267878366744,7771.232196132649,6.332006713797213,2.53223532972861,1253.8862706754328,343.3959604927633,939.685569205904,690.1376908242299,22.418253415549287,5.541552630382845e-05,9752.89730063033
2021-11-26,21.41688157013799,1.0127043663229105,7769.795370329491,6.5350614768256365,2.5725486591553897,1206.3702208820898,330.38828878091306,897.3988136713147,652.9512575658066,36.84965804209338,5.6997141895437305e-05,9969.813859493806
2021-11-27,16.712037748020265,1.0131916229509732,7631.1008249414435,6.466143183336047,2.55955413938286,1186.0325584442207,319.866099045187,882.8784971470537,642.7076495988811,48.57282199748702,5.65072250403604e-05,9778.370924063936
2021-11-28,20.234189963794623,1.0129917158708843,7518.922076701012,6.210164984783437,2.50775925379181,1214.485178651689,323.2192151772586,911.5001534382252,670.2424639479661,38.99794960708186,5.608334722620962e-05,9405.8456891859
2021-11-29,28.238588733449472,1.01316907409597,7294.057683161398,5.707745001278327,2.404663291996694,1277.0244502065043,331.07010549848377,974.19293344147,730.5258805816279,24.20046650623253,5.644313731426626e-05,8654.24917950792
2021-11-30,32.673701400790854,1.0128850927160644,7312.3083067165535,5.6307585044399575,2.388145040006952,1303.964858647673,338.62559990515564,998.0129601433082,751.4149234105333,18.320047477717264,5.56416259908429e-05,8580.06354765808
2021-12-01,29.23686598593375,1.0130773237377446,7399.303897760147,5.821721373830702,2.4284569892093217,1276.744456945511,334.9574123647112,971.0239105667335,725.6122166021238,23.099769795802704,5.719261569478248e-05,8868.747446711222
2021-12-02,21.330154528325583,1.0128000964846582,7317.06737759338,5.896098962842342,2.443443113808811,1233.3612390445514,320.3630292099349,934.328364362942,694.6633543356246,37.031499251185714,5.709135069926235e-05,8886.58665014788
2021-12-03,16.772611419379633,1.012865293219163,7054.525446093298,5.647896716854962,2.39176250230121,1222.326977014005,307.216558870616,931.8830295627688,697.8479484817504,48.349699346845405,5.6507992202473366e-05,8397.258013840603
2021-12-04,20.205684117677524,1.0128578561004973,7106.516858622433,5.637177371572932,2.38946857370188,1241.486801352876,314.02243451910124,947.670050951452,710.850461783687,39.35912438742099,5.658616989254129e-05,8432.257032674652
2021-12-05,28.13519254587575,1.0132097559505102,7054.99477477956,5.39428630166672,2.337743885910253,1295.336528579035,325.29314560306244,998.1785755218488,757.3245020604294,24.18257661433387,5.600736701403929e-05,8115.337245865015
2021-12-06,32.78766330816318,1.0130755980045116,7063.114491345706,5.3010018552260965,2.317334000239977,1323.9922877838078,332.59087377628765,1024.189077315683,780.6659017173694,18.556785751585117,5.673192617377303e-05,8012.873796071343
2021-12-07,29.286854313702094,1.0128361508762198,7309.776350469622,5.684563381404041,2.3991596476478385,1286.6648249460593,332.7954754449706,983.1562038147912,738.720562328594,22.98334002607822,5.7045142608311255e-05,8661.40328854969
2021-12-08,21.34864700016995,1.0131338547087856,7511.203668970546,6.141820349420248,2.494464892338505,1225.3615343303984,324.37339909342427,922.336782237144,680.5900317721212,36.810715625262674,5.6616200125385984e-05,9347.704703789765
2021-12-09,16.840712459787095,1.0127410350614512,7581.623015624483,6.3553682569773855,2.5369759781447256,1195.0943797625932,318.6806466231596,893.2544455992206,653.4672362675748,48.887788781314725,5.738099657340254e-05,9650.330479690185
2021-12-10,20.180608217018488,1.012847701879809,7491.870889832371,6.144809135388637,2.4941837896879275,1221.0111031739175,322.28628859961134,918.9054227913248,677.9085396585498,39.44139710269665,5.654260781098687e-05,9343.747584912291
2021-12-11,28.121267752806972,1.012883622425776,7716.396630811339,6.244634111962156,2.5149469556236013,1256.5988547313702,340.0462835397689,944.6738389444082,696.3534546552677,24.41497976477088,5.667505858261226e-05,9652.944299576844
2021-12-12,32.67383043348389,1.0132730747074803,7824.127010748863,6.280439888219622,2.522647913202304,1278.0735612283313,349.85267093496105,960.8947207268544,708.5699428286707,18.78298783015665,5.7051383423524376e-05,9786.685495319512
2021-12-13,29.39095020808234,1.0132554391851318,1979.287342092119,2.368031889516269,1.3981937026109257,1267.1460767230828,109.04540021487117,948.5282766959276,695.8183758685528,22.421491568176997,5.595438206720695e-05,10036.568737686695
2021-12-14,21.31214478999696,1.0126144634304417,0.0,1.0126144634304417,1.0126144634304417,,21.31214478999696,,,37.36124541305018,5.744543106893075e-05,
2021-12-15,16.78365191553561,1.0130937284721793,0.0,1.0130937284721793,1.0130937284721793,,16.78365191553561,,,48.41815426474409,5.659886363265862e-05,
2021-12-16,20.16691422317079,1.0129634586079637,0.0,1.0129634586079637,1.0129634586079637,,20.16691422317079,,,39.85812278760453,5.712357322525769e-05,
2021-12-17,28.233036625974503,1.012756087966416,0.0,1.012756087966416,1.012756087966416,,28.233036625974503,,,24.36679782175409,5.677027395193141e-05,
2021-12-18,32.79307656329384,1.0130655264495851,5705.009529901415,4.537352795693213,2.073721676158375,1317.2422554394475,272.9726023043252,1013.8575913455136,768.3472947200573,18.46561662777484,5.643390543354693e-05,8331.172478256203
2021-12-19,29.187377199149864,1.0128591530263351,7190.302954436881,5.526560960694138,2.365899758718473,1294.2949529358432,329.9447702129549,993.5375599220376,750.4903645100385,23.131340924563585,5.711355106922128e-05,8389.392751603484
2021-12-20,21.4264855106545,1.0125838300196934,7230.406117904928,5.751841107209981,2.4133145979212407,1243.03528505923,318.4198154379821,946.041955131902,707.2256201315123,37.59553112942314,5.810000668071114e-05,8679.772166877132
2021-12-21,16.762546686642633,1.0134509005795398,7169.989050772535,5.783560639130964,2.420976503716838,1217.1412082942254,309.41986861858754,924.4838863622808,689.2996337714038,49.74486149838968,5.805184752993017e-05,8666.492320770389
2021-12-22,20.25497368568804,1.0131058913957611,7042.244208640259,5.530512651152723,2.3669951159070486,1245.9402315914692,311.8963458049647,954.2988594721928,718.6515522257292,39.92954098268165,5.7546576000417584e-05,8269.838655277958
2021-12-23,28.207373073203723,1.0129060205402418,7066.154214205778,5.384331325462338,2.3353180343543136,1295.2138424772857,325.0663859068607,998.3548296436282,757.6864194318101,24.684687837082688,5.730421604995596e-05,8122.555184877298
2021-12-24,32.73951212744399,1.013528756751063,7268.616872892696,5.547463115006021,2.371159080051329,1310.706205662526,337.1233130389696,1006.322404751,760.4360476615024,18.810881343136973,5.731158185163588e-05,8476.092654349066
2021-12-25,29.24045375807586,1.0133296626549464,7441.068387202002,5.8484498351530805,2.434310344754006,1278.5205532220018,335.54300479918743,972.21800218089,726.3857794323732,23.590925650665167,5.8261071619173554e-05,8966.44910008967
2021-12-26,21.3756868184151,1.01283393304088,7416.329068744642,5.998946477221588,2.4648951597024484,1231.7169091523176,322.227638072963,930.8649578977694,690.1612854837168,37.20187685387744,5.737753395598373e-05,9116.150491712066
2021-12-27,17.003801912090594,1.0131109952397688,7277.458606669191,5.91976130321119,2.448818353985448,1213.7653944877177,312.28951847321383,918.4796779265944,681.840904484131,48.58789534861552,5.7600072275624224e-05,8915.698374804466
2021-12-28,20.307470759784614,1.013320581504545,7116.972971892523,5.629311308472444,2.3883265908199065,1244.0166678548392,314.0238044257697,950.300334188854,713.4481319889095,40.03618531628035,5.7926175350753775e-05,8452.584691032644
2021-12-29,28.343974925520453,1.0134607774873947,7308.82430461215,5.6968779455673335,2.402781617129452,1282.0060733193457,331.2833139781188,979.0667342667474,735.1411744196306,24.66424860962796,5.784408629648635e-05,8688.065930040382
2021-12-30,32.697902148814215,1.0127724400511815,7181.782868690898,5.433967679802301,2.345856772622441,1317.3091036308815,335.05099760731355,1014.956008172382,770.085307815952,19.16687177066733,5.831603357273279e-05,8276.514264479596
2021-12-31,29.28385549637176,1.0125858495911564,7081.029073081383,5.376615906437537,2.333217858424088,1302.9459331391097,327.291755361081,1004.9380332744004,763.2818090000487,23.79812162721372,5.908684382643954e-05,8133.709302388946
2022-01-01,25.59081690491032,1.0109349727928394,7130.14138974415,5.509000694797904,2.359924038504471,1276.959248580472,322.76111983098315,979.788945654399,739.5889427391446,28.71546541159504,5.790252344261736e-05,8327.39603648891
